pays,titre,note,commentaire,dateSejour,situation,dateCommentaire,photo
3 contributions,Toujours aussi magique !,4,Toujours aussi magique !,déc. 2022, En famille,Écrit le 30 décembre 2022,False
Brive-la-Gaillarde France196 contributions,Retour Disneyland paris en décembre,4,Retour Disneyland paris en décembre,déc. 2022,,Écrit le 29 décembre 2022,False
1 contribution,Disneyland,1,Disneyland,déc. 2022, En famille,Écrit le 29 décembre 2022,False
Thonon24 contributions,Un excellent séjour,5,Un excellent séjour,,,Écrit le 28 décembre 2022,True
Moulis-en-Medoc France5 contributions,bonne expérience mais à améliorer,3,bonne expérience mais à améliorer,,,Écrit le 28 décembre 2022,False
1 contribution,Trés belles attrations,4,Trés belles attrations,déc. 2022, En famille,Écrit le 28 décembre 2022,False
1 contribution,Honteuxécœuré et j’en passe..,1,Honteuxécœuré et j’en passe..,,,Écrit le 28 décembre 2022,False
Saint-Gingolph Suisse1 contribution,Attractions géniales  bonne ambiance belles parades belle magie,5,Attractions géniales  bonne ambiance belles parades belle magie,déc. 2022, En famille,Écrit le 28 décembre 2022,False
Servon France32 contributions,Beaucoup trop de monde,1,Beaucoup trop de monde,déc. 2022, En famille,Écrit le 28 décembre 2022,False
Saint-Étienne France1 contribution,Très bien mais un petit Bémol,4,Très bien mais un petit Bémol,déc. 2022, En famille,Écrit le 28 décembre 2022,False
1 contribution,Magique et extraordinaire,5,Magique et extraordinaire,déc. 2022, En famille,Écrit le 27 décembre 2022,True
Melun France151 contributions,Absolument nul perte de temps et d'argent,1,Absolument nul perte de temps et d'argent,déc. 2022, En famille,Écrit le 27 décembre 2022,False
Genève Suisse134 contributions,La magie pour les petits et grands,5,La magie pour les petits et grands,,,Écrit le 26 décembre 2022,False
Talence France7 contributions,Sejour de Noel,4,Sejour de Noel,déc. 2022, En famille,Écrit le 26 décembre 2022,False
1 contribution,Ou est la magie ?,2,Ou est la magie ?,déc. 2022, En famille,Écrit le 26 décembre 2022,False
3 contributions,Disneyland que se passe t’il ?,3,Disneyland que se passe t’il ?,,,Écrit le 26 décembre 2022,True
Marseille France80 contributions,Parc exceptionnel - rapport qualité / prix restaurant et hôtel a revoir,5,Parc exceptionnel - rapport qualité / prix restaurant et hôtel a revoir,,,Écrit le 25 décembre 2022,True
Attin France1 contribution,penibilites de la position statique,3,penibilites de la position statique,déc. 2022, Voyage d'affaires,Écrit le 25 décembre 2022,False
Haute-Savoie France61 contributions,Dépaysant,5,Dépaysant,,,Écrit le 24 décembre 2022,False
Rixensart Belgique2 contributions,Très cher pour bcp d'attente....,2,Très cher pour bcp d'attente....,déc. 2022, En famille,Écrit le 24 décembre 2022,False
