Id_DateCommentaire;Mois;Annee
DC_01;fevrier;2023
DC_02;janvier;2023
DC_03;decembre;2022
DC_04;novembre;2022
DC_05;octobre;2022
DC_06;septembre;2022
DC_07;aout;2022
DC_08;juillet;2022
DC_09;juin;2022
DC_10;mai;2022
DC_11;avril;2022
DC_12;mars;2022
DC_13;fevrier;2022
DC_14;janvier;2022
DC_15;decembre;2021
DC_16;novembre;2021
DC_17;octobre;2021
DC_18;septembre;2021
DC_19;aout;2021
DC_20;juillet;2021
DC_21;juin;2021
DC_22;mai;2021
DC_23;avril;2021
DC_24;mars;2021
DC_25;fevrier;2021
DC_26;janvier;2021
DC_27;decembre;2020
DC_28;novembre;2020
DC_29;octobre;2020
DC_30;septembre;2020
DC_31;aout;2020
DC_32;juillet;2020
DC_33;juin;2020
DC_34;mai;2020
DC_35;avril;2020
DC_36;mars;2020
DC_37;fevrier;2020
DC_38;janvier;2020
DC_39;decembre;2019
DC_40;novembre;2019
DC_41;octobre;2019
DC_42;septembre;2019
DC_43;aout;2019
DC_44;juillet;2019
DC_45;juin;2019
DC_46;mai;2019
DC_47;avril;2019
DC_48;mars;2019
DC_49;fevrier;2019
DC_50;janvier;2019
DC_51;decembre;2018
DC_52;novembre;2018
DC_53;octobre;2018
DC_54;septembre;2018
DC_55;aout;2018
DC_56;juillet;2018
DC_57;juin;2018
DC_58;mai;2018
DC_59;avril;2018
DC_60;mars;2018
DC_61;fevrier;2018
DC_62;janvier;2018
DC_63;decembre;2017
DC_64;novembre;2017
DC_65;octobre;2017
DC_66;septembre;2017
DC_67;aout;2017
DC_68;juillet;2017
DC_69;juin;2017
DC_70;mai;2017
DC_71;avril;2017
DC_72;mars;2017
DC_73;fevrier;2017
DC_74;janvier;2017
DC_75;decembre;2016
DC_76;novembre;2016
DC_77;octobre;2016
DC_78;septembre;2016
DC_79;aout;2016
DC_80;juillet;2016
DC_81;juin;2016
DC_82;mai;2016
DC_83;avril;2016
DC_84;mars;2016
DC_85;fevrier;2016
DC_86;janvier;2016
DC_87;decembre;2015
DC_88;novembre;2015
DC_89;octobre;2015
DC_90;septembre;2015
DC_91;aout;2015
DC_92;juillet;2015
DC_93;juin;2015
DC_94;mai;2015
DC_95;avril;2015
DC_96;mars;2015
DC_97;fevrier;2015
DC_98;janvier;2015
DC_99;decembre;2014
DC_100;novembre;2014
DC_101;octobre;2014
DC_102;septembre;2014
DC_103;aout;2014
DC_104;juillet;2014
DC_105;juin;2014
DC_106;mai;2014
DC_107;avril;2014
DC_108;mars;2014
DC_109;fevrier;2014
DC_110;janvier;2014
DC_111;decembre;2013
DC_112;novembre;2013
DC_113;octobre;2013
DC_114;septembre;2013
DC_115;aout;2013
DC_116;juillet;2013
DC_117;juin;2013
DC_118;mai;2013
DC_119;avril;2013
DC_120;mars;2013
DC_121;fevrier;2013
DC_122;janvier;2013
DC_123;decembre;2012
DC_124;novembre;2012
DC_125;octobre;2012
DC_126;septembre;2012
DC_127;aout;2012
DC_128;juillet;2012
DC_129;juin;2012
DC_130;mai;2012
DC_131;avril;2012
DC_132;mars;2012
DC_133;fevrier;2012
DC_134;janvier;2012
DC_135;decembre;2011
DC_136;novembre;2011
DC_137;octobre;2011
DC_138;septembre;2011
DC_139;aout;2011
DC_140;juillet;2011
DC_141;juin;2011
DC_142;mai;2011
DC_143;avril;2011
DC_144;mars;2011
DC_145;fevrier;2011
DC_146;janvier;2011
DC_147;decembre;2010
DC_148;novembre;2010
DC_149;octobre;2010
DC_150;septembre;2010
DC_151;aout;2010
DC_152;juillet;2010
DC_153;juin;2010
DC_154;mai;2010
DC_155;avril;2010
DC_156;mars;2010
DC_157;fevrier;2010
DC_158;janvier;2010
DC_159;decembre;2009
DC_160;novembre;2009
DC_161;octobre;2009
DC_162;septembre;2009
DC_163;aout;2009
DC_164;juillet;2009
DC_165;juin;2009
DC_166;mai;2009
DC_167;avril;2009
DC_168;mars;2009
DC_169;fevrier;2009
DC_170;janvier;2009
DC_171;decembre;2008
DC_172;novembre;2008
DC_173;octobre;2008
DC_174;septembre;2008
DC_175;aout;2008
DC_176;juillet;2008
DC_177;juin;2008
DC_178;mai;2008
DC_179;avril;2008
DC_180;mars;2008
DC_181;fevrier;2008
DC_182;janvier;2008
DC_183;decembre;2007
DC_184;novembre;2007
DC_185;octobre;2007
DC_186;septembre;2007
DC_187;aout;2007
DC_188;juillet;2007
DC_189;juin;2007
DC_190;mai;2007
DC_191;avril;2007
DC_192;mars;2007
DC_193;fevrier;2007
DC_194;janvier;2007
DC_195;decembre;2006
DC_196;novembre;2006
DC_197;octobre;2006
DC_198;septembre;2006
DC_199;aout;2006
DC_200;juillet;2006
DC_201;juin;2006
DC_202;mai;2006
DC_203;avril;2006
DC_204;mars;2006
DC_205;fevrier;2006
DC_206;janvier;2006
DC_207;decembre;2005
DC_208;novembre;2005
DC_209;octobre;2005
DC_210;septembre;2005
DC_211;aout;2005
DC_212;juillet;2005
DC_213;juin;2005
DC_214;mai;2005
DC_215;avril;2005
DC_216;mars;2005
DC_217;fevrier;2005
DC_218;janvier;2005
DC_219;decembre;2004
DC_220;novembre;2004
DC_221;octobre;2004
DC_222;septembre;2004
DC_223;aout;2004
DC_224;juillet;2004
DC_225;juin;2004
DC_226;mai;2004
DC_227;avril;2004
DC_228;mars;2004
DC_229;fevrier;2004
DC_230;janvier;2004
DC_231;decembre;2003
DC_232;novembre;2003
DC_233;octobre;2003
DC_234;septembre;2003
DC_235;aout;2003
DC_236;juillet;2003
DC_237;juin;2003
DC_238;mai;2003
DC_239;avril;2003
DC_240;mars;2003
DC_241;fevrier;2003
DC_242;janvier;2003
DC_243;decembre;2002
DC_244;novembre;2002
DC_245;octobre;2002
DC_246;septembre;2002
DC_247;aout;2002
DC_248;juillet;2002
DC_249;juin;2002
DC_250;mai;2002
DC_251;avril;2002
DC_252;mars;2002
DC_253;fevrier;2002
DC_254;janvier;2002
DC_255;decembre;2001
DC_256;novembre;2001
DC_257;octobre;2001
DC_258;septembre;2001
DC_259;aout;2001
DC_260;juillet;2001
DC_261;juin;2001
DC_262;mai;2001
DC_263;avril;2001
DC_264;mars;2001
DC_265;fevrier;2001
DC_266;janvier;2001
DC_267;decembre;2000
DC_268;novembre;2000
DC_269;octobre;2000
DC_270;septembre;2000
DC_271;aout;2000
DC_272;juillet;2000
DC_273;juin;2000
DC_274;mai;2000
DC_275;avril;2000
DC_276;mars;2000
DC_277;fevrier;2000
DC_278;janvier;2000